app_id,control_id,status,kind,ref
studigo,GMS-GOV-001,partial,evidence,docs/ARCHITECTURE.md
studigo,GMS-GOV-001,partial,evidence,ENGINEERING.md
studigo,GMS-GOV-002,partial,evidence,docs/ARCHITECTURE.md
studigo,GMS-GOV-002,partial,evidence,docs/AUTH.md
studigo,GMS-AUTH-001,partial,evidence,apps/web/lib/auth.ts
studigo,GMS-AUTH-001,partial,evidence,apps/web/middleware.ts
studigo,GMS-AUTH-001,partial,evidence,apps/web/lib/account-kind.ts
studigo,GMS-AUTH-001,partial,evidence,supabase/migrations/20261007120000_block_anonymous_writes.sql
studigo,GMS-AUTH-001,partial,test,tests/database-security.test.mjs
studigo,GMS-AUTH-001,partial,test,apps/web/lib/account-kind.test.ts
studigo,GMS-AUTH-002,partial,evidence,apps/web/app/auth/callback/route.ts
studigo,GMS-AUTH-002,partial,evidence,apps/web/lib/validation.ts
studigo,GMS-AUTH-002,partial,evidence,docs/AUTH.md
studigo,GMS-AUTH-004,fail,evidence,apps/web/lib/account-kind.ts
studigo,GMS-AUTH-004,fail,evidence,supabase/migrations/20261007120000_block_anonymous_writes.sql
studigo,GMS-AUTH-004,fail,evidence,apps/web/lib/actions/auth.ts
studigo,GMS-AUTH-004,fail,test,apps/web/lib/account-kind.test.ts
studigo,GMS-AUTH-004,fail,test,tests/database-security.test.mjs
studigo,GMS-ACCESS-001,partial,evidence,apps/web/lib/retrieval.ts
studigo,GMS-ACCESS-001,partial,evidence,docs/ARCHITECTURE.md
studigo,GMS-ACCESS-001,partial,test,tests/database-security.test.mjs
studigo,GMS-ACCESS-001,partial,test,evals/rag/
studigo,GMS-ACCESS-002,partial,evidence,apps/web/lib/supabase/service.ts
studigo,GMS-ACCESS-002,partial,evidence,apps/web/lib/ingest.ts
studigo,GMS-ACCESS-002,partial,evidence,apps/web/app/api/chat/route.ts
studigo,GMS-ACCESS-003,fail,evidence,services/retrieval/app/main.py
studigo,GMS-ACCESS-003,fail,evidence,services/retrieval/README.md
studigo,GMS-ACCESS-003,fail,evidence,apps/web/lib/retrieval-client.ts
studigo,GMS-API-001,partial,evidence,apps/web/app/api/chat/route.ts
studigo,GMS-API-001,partial,evidence,apps/web/lib/validation.ts
studigo,GMS-API-002,fail,evidence,apps/web/app/api/chat/route.ts
studigo,GMS-API-002,fail,evidence,apps/web/app/api/documents/process/route.ts
studigo,GMS-API-003,not_tested,evidence,apps/web/lib/local-beta-access.ts
studigo,GMS-API-004,partial,evidence,apps/web/app/api/chat/route.ts
studigo,GMS-API-004,partial,evidence,apps/web/app/api/quiz/route.ts
studigo,GMS-API-004,partial,evidence,apps/web/app/api/documents/upload/route.ts
studigo,GMS-WEB-001,partial,evidence,apps/web/next.config.ts
studigo,GMS-WEB-001,partial,test,"next start + curl -I (local, 2026-10-07)"
studigo,GMS-WEB-002,partial,evidence,apps/web/lib/rich-text.ts
studigo,GMS-FILE-001,partial,evidence,packages/documents/src/types.ts
studigo,GMS-FILE-001,partial,evidence,packages/documents/src/index.ts
studigo,GMS-FILE-001,partial,evidence,apps/web/app/api/documents/upload/route.ts
studigo,GMS-FILE-002,partial,evidence,packages/documents/src/index.ts
studigo,GMS-FILE-002,partial,evidence,packages/documents/src/file-safety.ts
studigo,GMS-FILE-002,partial,evidence,apps/web/app/api/documents/upload/route.ts
studigo,GMS-FILE-002,partial,test,packages/documents/src/file-safety.test.ts
studigo,GMS-FILE-003,partial,evidence,apps/web/lib/validation.ts
studigo,GMS-FILE-003,partial,evidence,packages/documents/src/extract.ts
studigo,GMS-FILE-003,partial,evidence,packages/documents/src/file-safety.ts
studigo,GMS-FILE-003,partial,test,packages/documents/src/file-safety.test.ts
studigo,GMS-FILE-004,fail,evidence,docs/ARCHITECTURE.md
studigo,GMS-FILE-005,partial,evidence,apps/web/app/api/documents/download/route.ts
studigo,GMS-FILE-005,partial,evidence,docs/ARCHITECTURE.md
studigo,GMS-FILE-005,partial,test,tests/database-security.test.mjs
studigo,GMS-AI-001,partial,evidence,packages/ai/src/client.ts
studigo,GMS-AI-001,partial,evidence,packages/ai/src/grounding.ts
studigo,GMS-AI-001,partial,evidence,packages/ai/src/ocr.ts
studigo,GMS-AI-001,partial,evidence,apps/web/lib/directive-format.ts
studigo,GMS-AI-001,partial,evidence,apps/web/lib/engine.ts
studigo,GMS-AI-001,partial,evidence,apps/web/lib/recommendation-engine.ts
studigo,GMS-AI-001,partial,evidence,apps/web/app/api/chat/route.ts
studigo,GMS-AI-001,partial,test,packages/ai/src/untrusted.test.ts
studigo,GMS-AI-001,partial,test,evals/rag/
studigo,GMS-AI-001,partial,test,apps/web/lib/prompt-boundary.test.ts
studigo,GMS-AI-002,partial,evidence,evals/rag/README.md
studigo,GMS-AI-002,partial,test,evals/rag/
studigo,GMS-AI-003,pass,evidence,packages/ai/src/study.ts
studigo,GMS-AI-003,pass,evidence,packages/ai/src/coach.ts
studigo,GMS-AI-003,pass,test,packages/ai/src/coach.test.ts
studigo,GMS-AI-003,pass,test,packages/ai/src/questions.test.ts
studigo,GMS-AI-005,partial,evidence,evals/rag/README.md
studigo,GMS-AI-005,partial,test,evals/rag/
studigo,GMS-AI-006,partial,evidence,packages/ai/src/coach.ts
studigo,GMS-AI-006,partial,evidence,implementation/ENGINEERING_PLAN.md
studigo,GMS-AI-007,fail,evidence,evals/rag/README.md
studigo,GMS-AI-007,fail,evidence,implementation/ENGINEERING_PLAN.md
studigo,GMS-AI-008,fail,evidence,packages/ai/src/grounding.ts
studigo,GMS-AI-008,fail,evidence,docs/PRODUCT.md
studigo,GMS-RAG-001,partial,evidence,apps/web/lib/retrieval.ts
studigo,GMS-RAG-001,partial,evidence,docs/ARCHITECTURE.md
studigo,GMS-RAG-001,partial,test,tests/database-security.test.mjs
studigo,GMS-RAG-001,partial,test,evals/rag/
studigo,GMS-RAG-002,not_tested,evidence,evals/rag/README.md
studigo,GMS-RAG-002,not_tested,evidence,packages/ai/src/grounding.ts
studigo,GMS-RAG-002,not_tested,test,evals/rag/
studigo,GMS-RAG-003,partial,evidence,apps/web/lib/retrieval.ts
studigo,GMS-RAG-003,partial,evidence,services/retrieval/app/main.py
studigo,GMS-RAG-003,partial,test,evals/rag/
studigo,GMS-PRIV-001,partial,evidence,apps/web/lib/storage-cleanup.ts
studigo,GMS-PRIV-001,partial,evidence,docs/ARCHITECTURE.md
studigo,GMS-PRIV-002,not_tested,evidence,docs/PRODUCT.md
studigo,GMS-PRIV-002,not_tested,evidence,docs/AUTH.md
studigo,GMS-PRIV-003,partial,evidence,packages/ai/src/client.ts
studigo,GMS-PRIV-003,partial,test,packages/ai/src/client.test.ts
studigo,GMS-PRIV-004,fail,evidence,apps/web/app
studigo,GMS-PRIV-004,fail,evidence,docs/APP_STORE_RELEASE_PLAN.md
studigo,GMS-LOG-002,not_tested,evidence,implementation/ENGINEERING_PLAN.md
studigo,GMS-SUPPLY-001,partial,evidence,.github/workflows/ci.yml
studigo,GMS-SUPPLY-001,partial,evidence,pnpm-lock.yaml
studigo,GMS-SUPPLY-001,partial,evidence,package.json
studigo,GMS-SUPPLY-001,partial,evidence,apps/web/package.json
studigo,GMS-SUPPLY-001,partial,test,pnpm audit --prod --audit-level high
studigo,GMS-SUPPLY-002,fail,evidence,.github/workflows/ci.yml
studigo,GMS-SUPPLY-003,not_tested,evidence,pnpm-lock.yaml
studigo,GMS-SUPPLY-003,not_tested,evidence,services/retrieval/requirements-lock.txt
studigo,GMS-CI-001,fail,evidence,.github/workflows/ci.yml
studigo,GMS-OPS-003,partial,evidence,supabase/migrations/20261007120000_block_anonymous_writes.sql
